Mth,Year,Gaps,Good,Minimum,Maximum,Mean,StDev
1,1897,218,526,0.12,1.04,0.542,0.196
2,1897,0,672,0.06,1.1,0.524,0.19
3,1897,0,744,0.12,1.01,0.557,0.171
4,1897,0,720,0.3,1.07,0.655,0.161
5,1897,0,744,0.24,1.28,0.648,0.198
6,1897,0,720,0.18,1.58,0.729,0.215
7,1897,22,722,0.3,1.37,0.641,0.215
8,1897,0,744,0.06,0.91,0.518,0.154
9,1897,0,720,0.06,1.01,0.547,0.174
10,1897,0,744,0.03,0.85,0.465,0.16
11,1897,0,720,-0.06,0.98,0.499,0.198
12,1897,0,744,0.03,1.01,0.498,0.196
1,1898,0,744,0.03,1.13,0.527,0.218
2,1898,1,671,0.18,1.16,0.664,0.19
3,1898,742,2,0.37,0.43,0.4,0.03
4,1898,0,720,0.09,1.22,0.62,0.202
5,1898,0,744,0.43,1.34,0.827,0.194
6,1898,0,720,0.34,1.71,0.781,0.221
7,1898,0,744,0.24,1.65,0.736,0.232
8,1898,0,744,0.15,1.19,0.622,0.188
9,1898,0,720,0.27,1.22,0.569,0.156
10,1898,0,744,0.24,1.07,0.628,0.167
11,1898,0,720,0.12,1.01,0.534,0.185
12,1898,0,744,0.09,0.98,0.541,0.192
1,1899,0,744,0.09,1.1,0.585,0.185
2,1899,0,672,0.21,1.13,0.646,0.172
3,1899,0,744,0.12,1.07,0.704,0.167
4,1899,0,720,0.27,1.1,0.732,0.188
5,1899,0,744,0.24,1.16,0.638,0.189
6,1899,0,720,0.24,1.37,0.705,0.207
7,1899,0,744,0.24,1.4,0.695,0.199
8,1899,0,744,0.12,1.22,0.599,0.223
9,1899,1,719,0.12,0.94,0.414,0.173
10,1899,744,0,,,,
11,1899,720,0,,,,
12,1899,744,0,,,,
1,1900,1,743,0,1.1,0.519,0.195
2,1900,0,672,0.09,1.04,0.538,0.173
3,1900,0,744,0.18,0.88,0.526,0.142
4,1900,1,719,0.3,1.16,0.686,0.17
5,1900,744,0,,,,
6,1900,2,718,0.27,1.31,0.803,0.202
7,1900,1,743,0.3,1.34,0.714,0.189
8,1900,744,0,,,,
9,1900,1,719,0.18,1.16,0.56,0.17
10,1900,0,744,0.24,1.04,0.611,0.147
11,1900,1,719,0.21,1.1,0.546,0.17
12,1900,673,71,0.15,0.82,0.55,0.178
1,1901,42,702,0.09,0.94,0.478,0.19
2,1901,16,656,0.06,0.98,0.516,0.171
3,1901,0,744,0.21,1.19,0.607,0.153
4,1901,17,703,0.34,1.04,0.677,0.147
5,1901,24,720,0.37,1.43,0.745,0.209
6,1901,29,691,0.24,1.37,0.777,0.211
7,1901,0,744,0.18,1.34,0.714,0.22
8,1901,0,744,0.3,1.19,0.639,0.147
9,1901,26,694,0.27,0.88,0.558,0.135
10,1901,29,715,0.09,1.16,0.528,0.18
11,1901,58,662,0.15,0.98,0.558,0.158
12,1901,75,669,0.12,1.07,0.599,0.173
1,1902,744,0,,,,
2,1902,672,0,,,,
3,1902,744,0,,,,
4,1902,720,0,,,,
5,1902,744,0,,,,
6,1902,720,0,,,,
7,1902,744,0,,,,
8,1902,744,0,,,,
9,1902,720,0,,,,
10,1902,744,0,,,,
11,1902,720,0,,,,
12,1902,744,0,,,,
1,1903,1,743,0.09,0.91,0.515,0.174
2,1903,0,672,0.09,0.91,0.558,0.174
3,1903,0,744,0.06,0.79,0.457,0.154
4,1903,0,720,0.24,1.01,0.567,0.153
5,1903,0,744,0.27,0.91,0.617,0.141
6,1903,0,720,0.15,1.1,0.672,0.169
7,1903,0,744,0.24,1.19,0.631,0.179
8,1903,0,744,0.24,1.19,0.663,0.18
9,1903,0,720,0.34,1.16,0.697,0.165
10,1903,0,744,0.27,1.04,0.64,0.137
11,1903,0,720,0.34,1.04,0.614,0.154
12,1903,0,744,0.34,1.16,0.69,0.18
1,1904,0,744,0.18,1.16,0.656,0.196
2,1904,0,696,0.27,1.22,0.677,0.181
3,1904,0,744,0.27,0.76,0.469,0.109
4,1904,29,691,0.34,1.13,0.726,0.154
5,1904,56,688,0.4,1.43,0.752,0.178
6,1904,0,720,0.43,1.55,0.801,0.21
7,1904,0,744,0.34,1.28,0.736,0.183
8,1904,0,744,0.43,1.22,0.697,0.162
9,1904,0,720,0.3,0.98,0.563,0.121
10,1904,0,744,0.27,1.04,0.578,0.156
11,1904,0,720,0.09,0.91,0.5,0.159
12,1904,0,744,0.21,1.04,0.632,0.165
1,1905,0,744,0.09,0.88,0.537,0.173
2,1905,0,672,0.15,1.07,0.552,0.162
3,1905,0,744,0.24,0.94,0.604,0.136
4,1905,0,720,0.24,1.07,0.657,0.152
5,1905,0,744,0.43,1.34,0.813,0.174
6,1905,0,720,0.43,1.25,0.71,0.181
7,1905,0,744,0.37,1.25,0.7,0.191
8,1905,0,744,0.18,1.16,0.582,0.17
9,1905,0,720,0.24,1.13,0.614,0.199
10,1905,0,744,0.09,0.88,0.484,0.171
11,1905,0,720,0.15,0.91,0.539,0.164
12,1905,0,744,0.21,1.13,0.553,0.182
1,1906,0,744,0.21,1.19,0.591,0.177
2,1906,0,672,0.15,1.28,0.577,0.189
3,1906,0,744,0.27,1.07,0.608,0.134
4,1906,0,720,0.4,1.07,0.709,0.142
5,1906,0,744,0.4,1.31,0.793,0.164
6,1906,0,720,0.27,1.25,0.781,0.195
7,1906,0,744,0.27,1.31,0.724,0.226
8,1906,0,744,0.3,1.37,0.656,0.204
9,1906,77,643,0.4,1.19,0.681,0.142
10,1906,0,744,0.27,0.98,0.623,0.142
11,1906,0,720,0.09,0.98,0.512,0.17
12,1906,65,679,-0.03,1.04,0.545,0.19
1,1907,744,0,,,,
2,1907,672,0,,,,
3,1907,744,0,,,,
4,1907,720,0,,,,
5,1907,744,0,,,,
6,1907,720,0,,,,
7,1907,744,0,,,,
8,1907,744,0,,,,
9,1907,720,0,,,,
10,1907,744,0,,,,
11,1907,720,0,,,,
12,1907,744,0,,,,
1,1908,0,744,0.06,1.1,0.491,0.207
2,1908,0,696,0.06,1.07,0.532,0.218
3,1908,141,603,0.09,0.91,0.492,0.167
4,1908,0,720,0.24,1.07,0.555,0.147
5,1908,0,744,0.3,1.46,0.703,0.198
6,1908,0,720,0.34,1.37,0.694,0.201
7,1908,0,744,0.18,1.25,0.596,0.206
8,1908,0,744,0.18,1.07,0.488,0.181
9,1908,0,720,0.12,0.88,0.473,0.153
10,1908,0,744,0.18,0.91,0.506,0.165
11,1908,0,720,0.18,1.01,0.529,0.179
12,1908,0,744,0.09,0.98,0.554,0.178
1,1909,0,744,0.15,1.16,0.587,0.196
2,1909,0,672,0.24,1.1,0.616,0.181
3,1909,0,744,0.27,1.01,0.64,0.164
4,1909,0,720,0.34,1.19,0.707,0.154
5,1909,0,744,0.34,1.92,0.776,0.208
6,1909,0,720,0.46,1.34,0.79,0.188
7,1909,0,744,0.24,1.37,0.644,0.187
8,1909,0,744,0.24,1.34,0.646,0.213
9,1909,0,720,0.3,1.01,0.64,0.154
10,1909,0,744,0.18,0.98,0.583,0.155
11,1909,0,720,0.09,0.88,0.441,0.167
12,1909,23,721,0.21,1.04,0.58,0.184
1,1910,744,0,,,,
2,1910,672,0,,,,
3,1910,744,0,,,,
4,1910,720,0,,,,
5,1910,744,0,,,,
6,1910,720,0,,,,
7,1910,744,0,,,,
8,1910,744,0,,,,
9,1910,720,0,,,,
10,1910,744,0,,,,
11,1910,720,0,,,,
12,1910,744,0,,,,
1,1911,744,0,,,,
2,1911,672,0,,,,
3,1911,744,0,,,,
4,1911,720,0,,,,
5,1911,744,0,,,,
6,1911,720,0,,,,
7,1911,744,0,,,,
8,1911,744,0,,,,
9,1911,720,0,,,,
10,1911,744,0,,,,
11,1911,720,0,,,,
12,1911,744,0,,,,
1,1912,744,0,,,,
2,1912,696,0,,,,
3,1912,744,0,,,,
4,1912,720,0,,,,
5,1912,744,0,,,,
6,1912,720,0,,,,
7,1912,0,744,0.37,1.37,0.756,0.209
8,1912,0,744,0.37,1.07,0.667,0.157
9,1912,0,720,0.3,1.04,0.641,0.157
10,1912,0,744,0.27,0.98,0.574,0.146
11,1912,24,696,0.24,1.1,0.6,0.175
12,1912,12,732,0.21,1.01,0.634,0.184
1,1913,744,0,,,,
2,1913,672,0,,,,
3,1913,744,0,,,,
4,1913,34,686,0.34,1.07,0.742,0.148
5,1913,0,744,0.43,1.25,0.796,0.163
6,1913,0,720,0.49,1.37,0.865,0.17
7,1913,744,0,,,,
8,1913,744,0,,,,
9,1913,720,0,,,,
10,1913,744,0,,,,
11,1913,720,0,,,,
12,1913,744,0,,,,
1,1914,744,0,,,,
2,1914,672,0,,,,
3,1914,744,0,,,,
4,1914,2,718,0.21,0.85,0.479,0.143
5,1914,0,744,0.27,0.98,0.619,0.141
6,1914,0,720,0.43,1.19,0.719,0.159
7,1914,0,744,0.18,0.94,0.462,0.165
8,1914,0,744,0.15,0.98,0.405,0.156
9,1914,0,720,0.18,0.55,0.325,0.085
10,1914,174,570,0.24,0.76,0.445,0.118
11,1914,0,720,0.09,0.88,0.471,0.197
12,1914,0,744,0.09,0.91,0.478,0.168
1,1915,3,741,0.15,1.1,0.503,0.193
2,1915,91,581,0.24,1.01,0.595,0.164
3,1915,111,633,0.15,0.85,0.525,0.153
4,1915,1,719,0.27,1.01,0.558,0.141
5,1915,0,744,0.18,1.19,0.611,0.209
6,1915,0,720,0.3,1.4,0.742,0.207
7,1915,0,744,0.21,1.16,0.638,0.201
8,1915,33,711,0.12,1.13,0.602,0.177
9,1915,0,720,0.12,0.88,0.524,0.148
10,1915,0,744,0.15,1.25,0.556,0.183
11,1915,0,720,0.24,0.98,0.566,0.161
12,1915,1,743,-0.03,0.98,0.525,0.186
1,1916,198,546,0.09,1.13,0.515,0.206
2,1916,249,447,0.12,0.94,0.537,0.175
3,1916,0,744,0.15,0.88,0.543,0.151
4,1916,0,720,0.15,0.91,0.551,0.169
5,1916,0,744,0.3,1.16,0.713,0.179
6,1916,0,720,0.34,1.19,0.717,0.193
7,1916,0,744,0.21,1.22,0.665,0.214
8,1916,0,744,0.27,1.13,0.64,0.158
9,1916,0,720,0.18,0.98,0.582,0.159
10,1916,13,731,0.18,1.28,0.586,0.203
11,1916,0,720,0.3,1.16,0.703,0.199
12,1916,0,744,0.12,1.07,0.582,0.188
1,1917,1,743,0.15,1.1,0.557,0.208
2,1917,22,650,0.27,1.04,0.668,0.162
3,1917,13,731,0.21,1.1,0.725,0.176
4,1917,0,720,0.34,1.52,0.706,0.192
5,1917,0,744,0.27,1.28,0.71,0.191
6,1917,720,0,,,,
7,1917,0,744,0.43,1.49,0.899,0.191
8,1917,0,744,0.3,1.28,0.719,0.19
9,1917,0,720,0.49,1.28,0.821,0.162
10,1917,67,677,0.3,1.1,0.659,0.173
11,1917,50,670,0.12,1.16,0.552,0.175
12,1917,10,734,0.3,1.19,0.653,0.173
1,1918,62,682,0.3,1.16,0.714,0.177
2,1918,0,672,0.27,1.04,0.693,0.153
3,1918,12,732,0.4,1.01,0.688,0.137
4,1918,0,720,0.34,1.25,0.749,0.163
5,1918,13,731,0.34,1.46,0.798,0.205
6,1918,69,651,0.43,1.52,0.824,0.186
7,1918,0,744,0.27,1.04,0.603,0.159
8,1918,0,744,0.24,1.04,0.594,0.161
9,1918,0,720,0.24,1.16,0.577,0.152
10,1918,16,728,0.18,0.94,0.478,0.136
11,1918,1,719,0.12,0.85,0.474,0.163
12,1918,12,732,0.03,0.85,0.411,0.173
1,1919,13,731,0.06,0.76,0.392,0.156
2,1919,1,671,0.03,0.79,0.446,0.157
3,1919,14,730,0.18,0.79,0.528,0.123
4,1919,1,719,0.09,0.98,0.581,0.156
5,1919,46,698,0.21,1.07,0.596,0.174
6,1919,163,557,0.21,1.58,0.63,0.228
7,1919,0,744,0.24,1.1,0.627,0.171
8,1919,123,621,0.18,1.01,0.566,0.186
9,1919,7,713,0.18,0.82,0.476,0.143
10,1919,14,730,0.18,0.94,0.484,0.161
11,1919,69,651,0.06,0.82,0.476,0.159
12,1919,15,729,0.15,0.91,0.466,0.165
1,1920,261,483,0.18,1.01,0.591,0.186
2,1920,1,695,0.06,1.01,0.48,0.162
3,1920,16,728,0.24,0.98,0.623,0.14
4,1920,31,689,0.3,1.01,0.613,0.151
5,1920,1,743,0.37,1.25,0.748,0.186
6,1920,1,719,0.3,1.49,0.728,0.193
7,1920,21,723,0.3,1.28,0.642,0.184
8,1920,18,726,0.21,1.19,0.65,0.186
9,1920,8,712,0.12,1.07,0.54,0.162
10,1920,0,744,0.21,0.85,0.544,0.139
11,1920,0,720,0.15,1.01,0.535,0.168
12,1920,40,704,-0.03,1.1,0.436,0.22
1,1921,55,689,0.06,0.91,0.51,0.192
2,1921,0,672,0.27,1.65,0.718,0.216
3,1921,5,739,0.24,1.19,0.747,0.168
4,1921,1,719,0.46,1.1,0.701,0.131
5,1921,0,744,0.55,1.31,0.84,0.166
6,1921,0,720,0.43,1.13,0.755,0.151
7,1921,0,744,0.4,1.31,0.778,0.167
8,1921,0,744,0.34,1.28,0.677,0.151
9,1921,48,672,0.3,1.04,0.629,0.149
10,1921,0,744,0.15,1.16,0.58,0.172
11,1921,126,594,0.12,1.1,0.574,0.192
12,1921,0,744,0.15,1.01,0.595,0.168
1,1922,0,744,0.09,1.01,0.553,0.169
2,1922,0,672,0.18,0.91,0.556,0.15
3,1922,0,744,0.24,0.94,0.656,0.138
4,1922,0,720,0.27,1.07,0.676,0.15
5,1922,0,744,0.27,1.34,0.707,0.196
6,1922,44,676,0.3,1.37,0.688,0.188
7,1922,162,582,0.34,1.37,0.689,0.171
8,1922,1,743,0.27,1.07,0.592,0.153
9,1922,238,482,0.27,0.88,0.556,0.12
10,1922,30,714,0.24,0.94,0.559,0.149
11,1922,43,677,0.27,1.04,0.606,0.16
12,1922,188,556,0.24,1.19,0.572,0.19
1,1923,119,625,0.21,1.1,0.631,0.175
2,1923,58,614,0.24,1.13,0.695,0.174
3,1923,184,560,0.37,1.22,0.734,0.164
4,1923,96,624,0.4,1.07,0.72,0.136
5,1923,24,720,0.27,1.25,0.754,0.193
6,1923,16,704,0.34,1.49,0.794,0.214
7,1923,0,744,0.34,1.28,0.689,0.199
8,1923,0,744,0.27,1.1,0.597,0.162
9,1923,121,599,0.24,1.04,0.594,0.156
10,1923,14,730,0.18,0.94,0.496,0.143
11,1923,32,688,0.21,0.94,0.509,0.149
12,1923,116,628,0.15,0.88,0.486,0.168
1,1924,19,725,0.03,0.85,0.501,0.183
2,1924,0,696,0.27,1.04,0.615,0.172
3,1924,24,720,0.24,0.94,0.603,0.156
4,1924,26,694,0.34,1.1,0.719,0.144
5,1924,154,590,0.3,1.43,0.797,0.188
6,1924,26,694,0.4,1.37,0.766,0.189
7,1924,2,742,0.3,1.46,0.741,0.219
8,1924,74,670,0.3,1.13,0.694,0.169
9,1924,18,702,0.37,1.13,0.648,0.137
10,1924,127,617,0.4,1.16,0.698,0.146
11,1924,8,712,0.37,1.1,0.692,0.154
12,1924,53,691,0.18,1.07,0.623,0.185
1,1925,5,739,0.21,1.1,0.662,0.176
2,1925,0,672,0.24,1.1,0.667,0.184
3,1925,1,743,0.27,1.13,0.724,0.18
4,1925,73,647,0.27,1.1,0.695,0.172
5,1925,26,718,0.4,1.34,0.762,0.185
6,1925,289,431,0.3,1.1,0.715,0.179
7,1925,28,716,0.21,1.31,0.637,0.184
8,1925,123,621,0.12,1.07,0.511,0.189
9,1925,720,0,,,,
10,1925,111,633,0.21,0.94,0.529,0.14
11,1925,150,570,0.15,0.94,0.549,0.165
12,1925,24,720,0.18,1.1,0.586,0.201
1,1926,744,0,,,,
2,1926,672,0,,,,
3,1926,744,0,,,,
4,1926,720,0,,,,
5,1926,744,0,,,,
6,1926,720,0,,,,
7,1926,744,0,,,,
8,1926,744,0,,,,
9,1926,720,0,,,,
10,1926,744,0,,,,
11,1926,720,0,,,,
12,1926,744,0,,,,
1,1927,3,741,0.18,1.01,0.627,0.194
2,1927,18,654,0.21,1.01,0.584,0.18
3,1927,0,744,0.3,1.16,0.758,0.175
4,1927,0,720,0.43,1.28,0.816,0.158
5,1927,0,744,0.4,1.52,0.785,0.188
6,1927,0,720,0.34,1.74,0.796,0.238
7,1927,0,744,0.37,1.52,0.806,0.221
8,1927,0,744,0.34,1.13,0.688,0.153
9,1927,12,708,0.27,1.28,0.622,0.185
10,1927,17,727,0.3,1.19,0.62,0.163
11,1927,0,720,0.27,0.98,0.603,0.162
12,1927,0,744,0.24,1.16,0.662,0.198
1,1928,24,720,0.18,1.16,0.63,0.214
2,1928,0,696,0.15,1.01,0.543,0.174
3,1928,0,744,0.18,1.07,0.619,0.176
4,1928,0,720,0.43,1.19,0.747,0.161
5,1928,0,744,0.34,1.43,0.804,0.182
6,1928,0,720,0.3,1.58,0.804,0.224
7,1928,22,722,0.27,1.62,0.753,0.235
8,1928,18,726,0.3,1.28,0.759,0.185
9,1928,0,720,0.3,1.1,0.683,0.153
10,1928,55,689,0.27,1.37,0.602,0.174
11,1928,9,711,0.21,1.07,0.593,0.168
12,1928,0,744,0.21,1.13,0.651,0.204
1,1929,0,744,0.21,1.01,0.544,0.191
2,1929,0,672,0.3,1.13,0.72,0.171
3,1929,0,744,0.27,1.25,0.721,0.21
4,1929,0,720,0.43,1.19,0.77,0.163
5,1929,12,732,0.43,1.46,0.815,0.2
6,1929,0,720,0.3,1.19,0.773,0.201
7,1929,0,744,0.3,1.22,0.744,0.18
8,1929,10,734,0.24,1.31,0.697,0.201
9,1929,110,610,0.21,0.98,0.571,0.16
10,1929,71,673,0.15,0.94,0.508,0.164
11,1929,135,585,0.09,0.98,0.533,0.184
12,1929,0,744,0.09,1.16,0.552,0.208
1,1930,17,727,0.03,0.94,0.453,0.202
2,1930,0,672,0.06,0.85,0.456,0.173
3,1930,19,725,0.27,1.04,0.666,0.16
4,1930,43,677,0.24,1.04,0.664,0.16
5,1930,0,744,0.27,1.19,0.727,0.187
6,1930,0,720,0.24,1.71,0.789,0.241
7,1930,44,700,0.3,1.34,0.703,0.21
8,1930,25,719,0.21,1.1,0.644,0.177
9,1930,0,720,0.21,1.1,0.612,0.189
10,1930,0,744,0.21,1.04,0.591,0.162
11,1930,0,720,0.18,0.98,0.543,0.175
12,1930,1,743,0.21,1.16,0.65,0.192
1,1931,133,611,-0.09,1.01,0.428,0.214
2,1931,0,672,-0.03,0.91,0.373,0.177
3,1931,35,709,0.12,1.01,0.533,0.179
4,1931,0,720,0.4,1.16,0.722,0.165
5,1931,85,659,0.24,1.43,0.704,0.248
6,1931,0,720,0.24,1.74,0.718,0.229
7,1931,96,648,0.27,1.43,0.764,0.214
8,1931,34,710,0.21,1.25,0.736,0.204
9,1931,0,720,0.4,1.1,0.676,0.145
10,1931,34,710,0.18,1.19,0.601,0.189
11,1931,0,720,0.3,1.13,0.643,0.181
12,1931,40,704,0.27,1.25,0.735,0.209
1,1932,8,736,0.27,1.25,0.672,0.196
2,1932,0,696,0,1.04,0.668,0.209
3,1932,0,744,0.15,1.13,0.571,0.182
4,1932,116,604,0.3,1.31,0.725,0.18
5,1932,45,699,0.27,1.52,0.829,0.24
6,1932,0,720,0.37,1.55,0.845,0.242
7,1932,0,744,0.27,1.46,0.744,0.203
8,1932,0,744,0.24,1.31,0.699,0.178
9,1932,0,720,0.24,1.07,0.554,0.165
10,1932,0,744,0.03,0.94,0.474,0.164
11,1932,0,720,0.12,1.13,0.523,0.192
12,1932,0,744,0.15,1.1,0.585,0.198
1,1933,0,744,0.18,1.07,0.627,0.189
2,1933,0,672,0.37,1.1,0.705,0.166
3,1933,0,744,0.34,1.19,0.711,0.18
4,1933,1,719,0.34,1.19,0.811,0.181
5,1933,0,744,0.37,1.34,0.767,0.193
6,1933,0,720,0.4,1.43,0.833,0.207
7,1933,1,743,0.27,1.28,0.697,0.197
8,1933,0,744,0.34,1.28,0.725,0.207
9,1933,8,712,0.34,1.31,0.68,0.181
10,1933,0,744,0.24,1.16,0.686,0.196
11,1933,0,720,0.18,1.16,0.612,0.183
12,1933,79,665,0.21,1.25,0.645,0.218
1,1934,46,698,0.24,1.31,0.737,0.209
2,1934,0,672,0.34,1.25,0.849,0.184
3,1934,0,744,0.49,1.37,0.888,0.183
4,1934,0,720,0.34,1.28,0.799,0.186
5,1934,0,744,0.49,1.62,0.939,0.197
6,1934,0,720,0.3,1.62,0.815,0.239
7,1934,57,687,0.34,1.37,0.761,0.222
8,1934,22,722,0.3,1.28,0.717,0.191
9,1934,1,719,0.27,1.1,0.698,0.18
10,1934,0,744,0.24,0.94,0.535,0.151
11,1934,65,655,0.21,1.13,0.606,0.185
12,1934,0,744,0.12,1.13,0.633,0.194
1,1935,30,714,0.03,1.22,0.583,0.211
2,1935,0,672,0.24,1.13,0.704,0.2
3,1935,17,727,0.15,1.19,0.627,0.202
4,1935,0,720,0.3,1.22,0.779,0.171
5,1935,168,576,0.46,1.22,0.79,0.187
6,1935,1,719,0.34,1.22,0.733,0.19
7,1935,0,744,0.34,1.49,0.751,0.198
8,1935,0,744,0.3,1.34,0.729,0.198
9,1935,0,720,0.3,1.07,0.637,0.149
10,1935,0,744,0.18,0.91,0.568,0.16
11,1935,0,720,0.24,1.01,0.574,0.17
12,1935,10,734,0.09,0.98,0.573,0.186
1,1936,0,744,0.15,1.28,0.674,0.207
2,1936,18,678,0.24,1.04,0.609,0.175
3,1936,27,717,0.24,1.13,0.677,0.167
4,1936,176,544,0.37,1.16,0.691,0.162
5,1936,32,712,0.37,1.37,0.78,0.167
6,1936,0,720,0.34,1.58,0.848,0.214
7,1936,0,744,0.27,1.28,0.758,0.182
8,1936,65,679,0.27,1.34,0.685,0.186
9,1936,46,674,0.27,1.22,0.634,0.174
10,1936,4,740,0.15,0.94,0.534,0.17
11,1936,0,720,0.18,1.01,0.594,0.18
12,1936,14,730,0.18,1.01,0.58,0.184
1,1937,0,744,0.06,1.07,0.518,0.215
2,1937,0,672,0.24,1.22,0.648,0.209
3,1937,0,744,0.24,1.04,0.627,0.162
4,1937,0,720,0.43,1.13,0.772,0.165
5,1937,0,744,0.46,1.19,0.81,0.172
6,1937,0,720,0.46,1.34,0.839,0.18
7,1937,0,744,0.27,1.1,0.672,0.177
8,1937,0,744,0.21,1.22,0.644,0.19
9,1937,0,720,0.24,0.94,0.521,0.149
10,1937,0,744,0.24,1.04,0.558,0.155
11,1937,0,720,0.09,0.98,0.566,0.18
12,1937,0,744,0.12,1.07,0.575,0.189
1,1938,0,744,0.12,1.16,0.57,0.19
2,1938,0,672,0.15,1.04,0.557,0.179
3,1938,0,744,0.27,1.04,0.656,0.141
4,1938,0,720,0.3,1.13,0.642,0.153
5,1938,23,721,0.27,1.25,0.787,0.194
6,1938,0,720,0.21,1.31,0.718,0.2
7,1938,0,744,0.3,1.37,0.769,0.194
8,1938,0,744,0.34,1.22,0.735,0.179
9,1938,0,720,0.46,1.31,0.764,0.166
10,1938,0,744,0.15,1.04,0.618,0.21
11,1938,0,720,0.21,1.01,0.569,0.175
12,1938,0,744,0.24,1.1,0.641,0.166
1,1939,0,744,0.21,1.07,0.689,0.177
2,1939,0,672,0.03,1.07,0.69,0.183
3,1939,0,744,0.37,1.13,0.763,0.156
4,1939,0,720,0.49,1.25,0.8,0.142
5,1939,0,744,0.4,1.28,0.845,0.173
6,1939,0,720,0.52,1.62,0.942,0.2
7,1939,0,744,0.43,1.4,0.816,0.174
8,1939,0,744,0.43,1.52,0.852,0.185
9,1939,0,720,0.3,0.98,0.626,0.125
10,1939,0,744,0.3,1.31,0.64,0.158
11,1939,0,720,0.21,1.07,0.609,0.171
12,1939,0,744,0.24,1.07,0.546,0.177
1,1940,17,727,0.24,1.31,0.662,0.203
2,1940,0,696,0.18,0.91,0.563,0.159
3,1940,0,744,0.15,0.94,0.606,0.162
4,1940,71,649,0.21,1.01,0.556,0.146
5,1940,50,694,0.4,1.19,0.712,0.167
6,1940,0,720,0.27,1.1,0.689,0.157
7,1940,0,744,0.3,1.16,0.659,0.161
8,1940,2,742,0.24,1.19,0.607,0.173
9,1940,75,645,0.21,0.85,0.517,0.141
10,1940,52,692,0.12,1.07,0.589,0.129
11,1940,0,720,0.06,0.88,0.432,0.167
12,1940,0,744,0.18,0.91,0.554,0.161
1,1941,1,743,0.09,0.94,0.534,0.161
2,1941,0,672,0.12,0.88,0.514,0.164
3,1941,11,733,0.27,1.13,0.65,0.162
4,1941,0,720,0.4,1.28,0.735,0.144
5,1941,0,744,0.43,1.43,0.837,0.167
6,1941,0,720,0.4,1.31,0.811,0.19
7,1941,0,744,0.43,1.34,0.76,0.153
8,1941,0,744,0.3,1.04,0.675,0.15
9,1941,0,720,0.27,1.07,0.613,0.148
10,1941,24,720,0.15,0.85,0.495,0.152
11,1941,0,720,0.09,0.85,0.451,0.174
12,1941,56,688,0.09,1.04,0.488,0.188
1,1942,149,595,0.09,0.98,0.421,0.191
2,1942,672,0,,,,
3,1942,744,0,,,,
4,1942,720,0,,,,
5,1942,744,0,,,,
6,1942,720,0,,,,
7,1942,744,0,,,,
8,1942,744,0,,,,
9,1942,720,0,,,,
10,1942,744,0,,,,
11,1942,225,495,0.15,1.16,0.648,0.195
12,1942,41,703,0.12,1.13,0.615,0.184
1,1943,744,0,,,,
2,1943,0,672,0.18,1.13,0.695,0.189
3,1943,108,636,0.37,1.31,0.768,0.166
4,1943,1,719,0.4,1.37,0.799,0.189
5,1943,0,744,0.43,1.28,0.785,0.167
6,1943,0,720,0.34,1.49,0.814,0.203
7,1943,0,744,0.21,1.19,0.649,0.196
8,1943,0,744,0.3,1.07,0.633,0.146
9,1943,10,710,0.15,1.16,0.576,0.206
10,1943,23,721,0.12,0.85,0.481,0.139
11,1943,0,720,0.18,1.13,0.574,0.183
12,1943,0,744,0.18,1.07,0.608,0.187
1,1944,0,744,0.12,1.01,0.582,0.175
2,1944,0,696,0.18,1.01,0.572,0.175
3,1944,0,744,0.24,1.16,0.64,0.188
4,1944,0,720,0.27,1.16,0.704,0.161
5,1944,22,722,0.4,1.55,0.735,0.19
6,1944,1,719,0.4,1.37,0.793,0.196
7,1944,0,744,0.3,1.34,0.732,0.203
8,1944,0,744,0.24,1.22,0.646,0.197
9,1944,0,720,0.27,0.94,0.597,0.134
10,1944,0,744,0.3,0.98,0.625,0.152
11,1944,0,720,0.3,1.43,0.702,0.195
12,1944,0,744,0.34,1.28,0.699,0.21
1,1945,0,744,0.12,1.22,0.639,0.198
2,1945,0,672,0.4,1.28,0.784,0.197
3,1945,0,744,0.34,1.22,0.748,0.167
4,1945,0,720,0.43,1.28,0.822,0.172
5,1945,0,744,0.4,1.43,0.789,0.202
6,1945,24,696,0.52,1.71,0.976,0.23
7,1945,0,744,0.37,1.28,0.759,0.18
8,1945,0,744,0.43,1.46,0.827,0.196
9,1945,20,700,0.3,1.19,0.652,0.154
10,1945,33,711,0.24,0.98,0.637,0.158
11,1945,0,720,0.3,1.13,0.649,0.175
12,1945,43,701,0.18,1.13,0.66,0.198
1,1946,0,744,0.3,1.25,0.692,0.209
2,1946,0,672,0.24,1.07,0.628,0.178
3,1946,0,744,0.34,1.16,0.741,0.184
4,1946,0,720,0.37,1.22,0.734,0.164
5,1946,0,744,0.34,1.37,0.773,0.224
6,1946,0,720,0.24,1.28,0.743,0.228
7,1946,0,744,0.34,1.49,0.932,0.24
8,1946,7,737,0.3,1.25,0.698,0.191
9,1946,0,720,0.15,1.1,0.526,0.163
10,1946,0,744,0.18,0.94,0.545,0.142
11,1946,0,720,0.34,1.49,0.646,0.213
12,1946,0,744,0.27,1.31,0.645,0.206
1,1947,0,744,0.12,1.04,0.59,0.181
2,1947,24,648,0.15,1.13,0.652,0.204
3,1947,0,744,0.3,1.19,0.74,0.19
4,1947,3,717,0.37,1.25,0.745,0.186
5,1947,0,744,0.3,1.4,0.82,0.221
6,1947,0,720,0.46,1.46,0.864,0.208
7,1947,0,744,0.34,1.34,0.738,0.199
8,1947,0,744,0.21,1.31,0.7,0.191
9,1947,0,720,0.27,1.16,0.627,0.167
10,1947,0,744,0.24,1.13,0.612,0.17
11,1947,0,720,0.18,1.01,0.543,0.176
12,1947,0,744,0.03,1.01,0.564,0.213
1,1948,0,744,0.12,1.16,0.611,0.211
2,1948,0,696,0.37,1.22,0.675,0.193
3,1948,0,744,0.21,1.28,0.732,0.208
4,1948,0,720,0.34,1.43,0.798,0.212
5,1948,0,744,0.3,1.25,0.779,0.183
6,1948,0,720,0.34,1.37,0.836,0.228
7,1948,0,744,0.4,1.52,0.828,0.219
8,1948,0,744,0.34,1.31,0.783,0.185
9,1948,0,720,0.34,1.19,0.721,0.174
10,1948,0,744,0.27,1.19,0.61,0.168
11,1948,0,720,0.15,1.25,0.566,0.192
12,1948,0,744,0.09,1.1,0.574,0.216
1,1949,0,744,0.09,1.25,0.616,0.222
2,1949,0,672,0.18,1.28,0.706,0.204
3,1949,0,744,0.3,1.16,0.702,0.202
4,1949,0,720,0.3,1.58,0.854,0.225
5,1949,0,744,0.4,1.34,0.861,0.211
6,1949,0,720,0.49,1.46,0.915,0.217
7,1949,0,744,0.4,1.52,0.868,0.213
8,1949,0,744,0.37,1.43,0.841,0.21
9,1949,0,720,0.24,1.22,0.643,0.19
10,1949,0,744,0.3,1.1,0.656,0.168
11,1949,18,702,0.18,1.28,0.691,0.209
12,1949,0,744,0.21,1.19,0.676,0.21
1,1950,743,1,0.3,0.3,0.3,0
2,1950,1,671,0.15,1.13,0.65,0.195
3,1950,0,744,0.24,1.22,0.708,0.189
4,1950,0,720,0.37,1.25,0.79,0.174
5,1950,0,744,0.49,1.55,0.89,0.213
6,1950,0,720,0.4,1.65,0.878,0.225
7,1950,0,744,0.37,1.55,0.833,0.222
8,1950,0,744,0.4,1.16,0.729,0.177
9,1950,0,720,0.34,1.16,0.746,0.171
10,1950,0,744,0.3,1.34,0.7,0.19
11,1950,0,720,0.34,1.25,0.751,0.205
12,1950,0,744,0.15,1.25,0.632,0.231
1,1951,0,744,0.27,1.16,0.636,0.207
2,1951,0,672,0.27,1.34,0.75,0.212
3,1951,743,1,0.46,0.46,0.46,0
4,1951,1,719,0.15,1.22,0.733,0.201
5,1951,0,744,0.15,1.19,0.663,0.22
6,1951,0,720,0.34,1.46,0.815,0.24
7,1951,0,744,0.21,1.49,0.739,0.213
8,1951,0,744,0.24,1.25,0.646,0.185
9,1951,0,720,0.24,1.1,0.639,0.178
10,1951,0,744,0.18,1.31,0.648,0.199
11,1951,0,720,0.24,1.16,0.609,0.206
12,1951,0,744,0.12,1.01,0.576,0.215
1,1952,0,744,0.09,1.1,0.576,0.195
2,1952,0,696,0.15,1.19,0.621,0.232
3,1952,0,744,0.24,1.34,0.69,0.192
4,1952,0,720,0.21,1.19,0.725,0.194
5,1952,0,744,0.43,1.52,0.867,0.213
6,1952,0,720,0.43,1.37,0.874,0.212
7,1952,0,744,0.34,1.4,0.778,0.203
8,1952,0,744,0.3,1.22,0.672,0.193
9,1952,0,720,0.27,1.13,0.623,0.162
10,1952,0,744,0.21,1.01,0.583,0.182
11,1952,0,720,0.21,1.16,0.61,0.195
12,1952,0,744,0.12,1.16,0.552,0.221
1,1953,0,744,0.15,1.13,0.574,0.202
2,1953,0,672,0.21,1.16,0.58,0.194
3,1953,0,744,0.21,1.13,0.662,0.183
4,1953,0,720,0.27,1.19,0.722,0.181
5,1953,0,744,0.4,1.37,0.895,0.218
6,1953,0,720,0.43,1.52,0.878,0.215
7,1953,0,744,0.43,1.49,0.855,0.213
8,1953,0,744,0.24,1.19,0.645,0.174
9,1953,715,5,0.4,0.67,0.55,0.099
10,1953,2,742,0.27,1.28,0.585,0.184
11,1953,0,720,0.21,1.1,0.559,0.188
12,1953,0,744,0.15,1.13,0.562,0.194
1,1954,0,744,0.09,1.19,0.599,0.216
2,1954,0,672,0.21,0.98,0.625,0.18
3,1954,0,744,0.34,1.07,0.668,0.166
4,1954,0,720,0.34,1.4,0.709,0.193
5,1954,0,744,0.37,1.4,0.808,0.221
6,1954,0,720,0.21,1.49,0.773,0.222
7,1954,0,744,0.34,1.46,0.8,0.219
8,1954,0,744,0.34,1.19,0.684,0.16
9,1954,0,720,0.21,1.16,0.61,0.158
10,1954,0,744,0.27,1.13,0.62,0.183
11,1954,0,720,0.27,1.25,0.663,0.184
12,1954,0,744,0.24,1.22,0.659,0.196
1,1955,0,744,0.27,1.25,0.699,0.196
2,1955,0,672,0.3,1.22,0.784,0.18
3,1955,0,744,0.27,1.19,0.716,0.173
4,1955,0,720,0.49,1.37,0.849,0.188
5,1955,0,744,0.34,1.62,0.904,0.228
6,1955,0,720,0.34,1.43,0.815,0.206
7,1955,0,744,0.27,1.43,0.828,0.223
8,1955,0,744,0.55,1.58,0.961,0.192
9,1955,0,720,0.37,1.19,0.776,0.165
10,1955,0,744,0.37,1.22,0.74,0.168
11,1955,0,720,0.27,1.37,0.739,0.215
12,1955,0,744,0.27,1.37,0.755,0.213
1,1956,0,744,0.3,1.25,0.744,0.205
2,1956,0,696,0.3,1.22,0.694,0.197
3,1956,0,744,0.37,1.34,0.728,0.169
4,1956,0,720,0.37,1.46,0.768,0.199
5,1956,0,744,0.37,1.65,0.845,0.249
6,1956,0,720,0.52,1.86,0.895,0.231
7,1956,0,744,0.43,1.55,0.875,0.193
8,1956,0,744,0.43,1.19,0.708,0.155
9,1956,0,720,0.3,1.13,0.645,0.16
10,1956,0,744,0.34,1.13,0.67,0.158
11,1956,0,720,0.3,1.22,0.703,0.198
12,1956,0,744,0.3,1.31,0.653,0.189
1,1957,3,741,0.27,1.16,0.676,0.201
2,1957,0,672,0.27,1.13,0.679,0.18
3,1957,0,744,0.34,1.13,0.7,0.166
4,1957,0,720,0.3,1.19,0.696,0.167
5,1957,0,744,0.3,1.58,0.822,0.211
6,1957,0,720,0.4,1.46,0.928,0.221
7,1957,0,744,0.43,1.31,0.777,0.154
8,1957,0,744,0.46,1.19,0.78,0.159
9,1957,14,706,0.34,1.07,0.584,0.153
10,1957,744,0,,,,
11,1957,1,719,0.24,1.04,0.562,0.161
12,1957,2,742,0.12,1.01,0.533,0.194
1,1958,1,743,0.21,0.98,0.614,0.184
2,1958,0,672,0.24,1.01,0.567,0.164
3,1958,0,744,0.27,1.04,0.643,0.168
4,1958,0,720,0.27,1.04,0.619,0.147
5,1958,0,744,0.3,1.28,0.753,0.192
6,1958,0,720,0.4,1.55,0.758,0.201
7,1958,0,744,0.46,1.62,0.872,0.207
8,1958,0,744,0.34,1.25,0.713,0.158
9,1958,0,720,0.27,0.88,0.587,0.124
10,1958,23,721,0.3,1.07,0.626,0.139
11,1958,19,701,0.3,1.19,0.727,0.173
12,1958,71,673,0.34,1.13,0.738,0.175
1,1959,637,107,0.21,0.88,0.604,0.174
2,1959,57,615,0.34,1.13,0.689,0.16
3,1959,6,738,0.24,0.91,0.619,0.145
4,1959,223,497,0.46,1.22,0.819,0.164
5,1959,1,743,0.43,1.25,0.815,0.184
6,1959,1,719,0.37,1.46,0.806,0.208
7,1959,3,741,0.46,1.43,0.792,0.179
8,1959,4,740,0.37,1.19,0.721,0.165
9,1959,0,720,0.27,1.07,0.59,0.143
10,1959,0,744,0.34,1.19,0.653,0.152
11,1959,0,720,0.24,1.28,0.633,0.162
12,1959,0,744,0.27,1.07,0.566,0.189
1,1960,0,744,0.18,0.98,0.547,0.166
2,1960,17,679,0.3,1.07,0.669,0.153
3,1960,7,737,0.3,1.04,0.671,0.156
4,1960,39,681,0.4,1.25,0.761,0.159
5,1960,0,744,0.37,1.43,0.829,0.22
6,1960,0,720,0.37,1.31,0.754,0.181
7,1960,0,744,0.37,1.43,0.804,0.193
8,1960,0,744,0.4,1.1,0.662,0.145
9,1960,0,720,0.3,1.25,0.637,0.143
10,1960,10,734,0.34,1.04,0.603,0.134
11,1960,0,720,0.12,0.94,0.552,0.158
12,1960,0,744,0.18,1.1,0.58,0.202
1,1961,3,741,0.15,1.19,0.65,0.203
2,1961,0,672,0.3,1.31,0.73,0.19
3,1961,64,680,0.24,1.16,0.712,0.17
4,1961,0,720,0.34,1.22,0.687,0.157
5,1961,0,744,0.4,1.25,0.79,0.179
6,1961,4,716,0.34,1.46,0.794,0.206
7,1961,0,744,0.34,1.43,0.687,0.189
8,1961,0,744,0.37,1.22,0.679,0.169
9,1961,0,720,0.18,1.04,0.614,0.162
10,1961,0,744,0.27,1.04,0.548,0.142
11,1961,0,720,0.21,1.04,0.551,0.169
12,1961,0,744,0.24,1.1,0.597,0.186
1,1962,0,744,0.21,1.28,0.751,0.198
2,1962,0,672,0.3,1.13,0.711,0.177
3,1962,0,744,0.27,1.04,0.68,0.149
4,1962,0,720,0.43,1.07,0.763,0.144
5,1962,0,744,0.49,1.62,0.908,0.207
6,1962,0,720,0.46,1.49,0.921,0.194
7,1962,0,744,0.46,1.31,0.856,0.195
8,1962,0,744,0.4,1.28,0.775,0.165
9,1962,0,720,0.3,1.13,0.678,0.161
10,1962,0,744,0.34,1.28,0.67,0.158
11,1962,0,720,0.37,1.19,0.685,0.185
12,1962,0,744,0.27,1.25,0.726,0.204
1,1963,3,741,0.21,1.28,0.741,0.217
2,1963,0,672,0.37,1.43,0.804,0.207
3,1963,0,744,0.37,1.22,0.825,0.176
4,1963,223,497,0.43,1.19,0.802,0.156
5,1963,4,740,0.55,1.68,0.976,0.2
6,1963,0,720,0.52,1.46,0.966,0.197
7,1963,0,744,0.46,1.49,0.927,0.228
8,1963,0,744,0.46,1.31,0.831,0.173
9,1963,0,720,0.21,1.13,0.646,0.181
10,1963,0,744,0.27,0.98,0.634,0.146
11,1963,0,720,0.27,1.07,0.641,0.18
12,1963,49,695,0.24,1.22,0.694,0.199
1,1964,0,744,0.21,1.22,0.583,0.187
2,1964,18,678,0.27,1.22,0.657,0.183
3,1964,0,744,0.18,1.07,0.683,0.178
4,1964,0,720,0.4,1.16,0.779,0.176
5,1964,0,744,0.43,1.31,0.813,0.19
6,1964,0,720,0.55,1.83,1.049,0.22
7,1964,0,744,0.52,1.65,0.954,0.214
8,1964,0,744,0.46,1.37,0.846,0.191
9,1964,0,720,0.4,1.16,0.723,0.171
10,1964,0,744,0.27,1.16,0.69,0.157
11,1964,0,720,0.3,1.16,0.664,0.179
12,1964,0,744,0.3,1.4,0.656,0.203
1,1965,0,744,0.03,1.1,0.671,0.222
2,1965,0,672,0.21,1.13,0.645,0.187
3,1965,29,715,0.27,1.34,0.703,0.204
4,1965,402,318,0.4,1.22,0.797,0.184
5,1965,744,0,,,,
6,1965,312,408,0.49,1.62,0.872,0.218
7,1965,744,0,,,,
8,1965,744,0,,,,
9,1965,227,493,0.37,1.01,0.591,0.138
10,1965,117,627,0.37,1.31,0.69,0.174
11,1965,0,720,0.18,1.16,0.667,0.198
12,1965,0,744,0.27,1.19,0.751,0.188
1,1966,0,744,0.15,1.19,0.601,0.218
2,1966,24,648,0.24,1.31,0.692,0.197
3,1966,91,653,0.37,1.22,0.76,0.186
4,1966,0,720,0.34,1.28,0.761,0.19
5,1966,0,744,0.4,1.28,0.809,0.193
6,1966,0,720,0.3,1.46,0.781,0.256
7,1966,0,744,0.37,1.43,0.761,0.226
8,1966,0,744,0.34,1.4,0.698,0.205
9,1966,84,636,0.3,1.13,0.636,0.155
10,1966,0,744,0.18,1.22,0.628,0.19
11,1966,15,705,0.21,1.1,0.634,0.185
12,1966,0,744,0.18,1.22,0.691,0.201
1,1967,744,0,,,,
2,1967,672,0,,,,
3,1967,385,359,0.09,1.13,0.629,0.227
4,1967,0,720,0.27,1.28,0.774,0.203
5,1967,0,744,0.4,1.4,0.828,0.206
6,1967,0,720,0.37,1.58,0.873,0.223
7,1967,0,744,0.24,1.31,0.766,0.209
8,1967,0,744,0.27,1.25,0.699,0.183
9,1967,0,720,0.24,1.28,0.616,0.172
10,1967,0,744,0.27,1.1,0.639,0.169
11,1967,0,720,0.15,1.04,0.603,0.193
12,1967,0,744,0.12,1.28,0.69,0.252
1,1968,0,744,0.24,1.25,0.673,0.225
2,1968,0,696,0.06,1.13,0.635,0.197
3,1968,0,744,0.24,1.13,0.693,0.188
4,1968,0,720,0.37,1.31,0.771,0.205
5,1968,0,744,0.27,1.49,0.772,0.229
6,1968,0,720,0.49,1.77,0.928,0.248
7,1968,0,744,0.24,1.46,0.875,0.218
8,1968,0,744,0.24,1.52,0.719,0.207
9,1968,0,720,0.18,1.28,0.67,0.201
10,1968,0,744,0.06,1.13,0.654,0.212
11,1968,0,720,0.03,1.07,0.586,0.206
12,1968,0,744,0.15,1.22,0.636,0.222
1,1969,0,744,0.06,1.19,0.62,0.214
2,1969,0,672,-0.03,1.1,0.585,0.205
3,1969,0,744,0.12,1.22,0.669,0.191
4,1969,0,720,0.34,1.46,0.737,0.205
5,1969,0,744,0.3,1.62,0.747,0.231
6,1969,0,720,0.27,1.55,0.859,0.245
7,1969,0,744,0.24,1.37,0.733,0.229
8,1969,0,744,0.24,1.13,0.648,0.183
9,1969,0,720,0.09,0.88,0.512,0.166
10,1969,0,744,0.15,1.04,0.568,0.176
11,1969,0,720,0.12,1.16,0.578,0.21
12,1969,0,744,-0.03,1.25,0.553,0.235
1,1970,0,744,0.03,1.19,0.618,0.217
2,1970,0,672,0.21,1.71,0.769,0.241
3,1970,0,744,0.15,1.13,0.695,0.201
4,1970,0,720,0.21,1.22,0.728,0.207
5,1970,0,744,0.37,1.62,0.861,0.242
6,1970,0,720,0.34,1.52,0.886,0.235
7,1970,0,744,0.21,1.28,0.777,0.218
8,1970,0,744,0.09,1.22,0.669,0.208
9,1970,0,720,0.24,1.25,0.711,0.182
10,1970,0,744,0.27,1.49,0.679,0.212
11,1970,0,720,0.09,1.1,0.646,0.202
12,1970,0,744,0.12,1.28,0.687,0.226
1,1971,0,744,0.15,1.4,0.765,0.235
2,1971,0,672,0.21,1.37,0.77,0.225
3,1971,0,744,0.27,1.4,0.741,0.212
4,1971,0,720,0.3,1.28,0.777,0.207
5,1971,0,744,0.4,1.43,0.852,0.201
6,1971,0,720,0.24,1.46,0.829,0.219
7,1971,0,744,0.3,1.3,0.8,0.213
8,1971,0,744,0.2,1.3,0.675,0.206
9,1971,0,720,0.3,1.3,0.749,0.188
10,1971,0,744,0.2,1.2,0.71,0.192
11,1971,0,720,0.2,1.2,0.66,0.196
12,1971,0,744,0,1.2,0.616,0.23
1,1972,0,744,0.2,1.2,0.677,0.216
2,1972,0,696,0.2,1.2,0.74,0.195
3,1972,0,744,0.1,1.1,0.668,0.188
4,1972,7,713,0.3,1.4,0.769,0.191
5,1972,244,500,0.4,1.4,0.812,0.218
6,1972,0,720,0.2,1.5,0.75,0.23
7,1972,0,744,0.2,1.6,0.719,0.222
8,1972,0,744,0.2,1.3,0.69,0.203
9,1972,0,720,0.2,1.1,0.598,0.182
10,1972,0,744,0.1,1.1,0.549,0.185
11,1972,0,720,0.1,1.1,0.558,0.208
12,1972,0,744,0.1,1.2,0.609,0.21
1,1973,0,744,0.1,1.3,0.639,0.224
2,1973,0,672,0,1,0.542,0.209
3,1973,0,744,0.1,1.1,0.653,0.197
4,1973,0,720,0.4,1.4,0.804,0.192
5,1973,0,744,0.4,1.5,0.93,0.22
6,1973,0,720,0.3,1.4,0.827,0.236
7,1973,0,744,0.5,1.5,0.879,0.203
8,1973,0,744,0.3,1.2,0.773,0.17
9,1973,0,720,0.4,1.4,0.742,0.185
10,1973,0,744,0.2,1.2,0.654,0.181
11,1973,0,720,0.2,1.2,0.664,0.194
12,1973,0,744,0.3,1.3,0.699,0.212
1,1974,0,744,0.2,1.3,0.751,0.205
2,1974,0,672,0.2,1.2,0.738,0.199
3,1974,0,744,0.3,1.2,0.748,0.186
4,1974,0,720,0.3,1.4,0.832,0.21
5,1974,0,744,0.5,1.6,0.981,0.217
6,1974,0,720,0.5,1.5,0.905,0.216
7,1974,0,744,0.3,1.5,0.872,0.224
8,1974,0,744,0.3,1.5,0.824,0.21
9,1974,4,716,0.4,1.2,0.751,0.166
10,1974,0,744,0.3,1.3,0.733,0.186
11,1974,0,720,0.3,1.2,0.688,0.193
12,1974,0,744,0.3,1.3,0.714,0.208
1,1975,344,400,0.2,1.1,0.626,0.185
2,1975,221,451,0.2,1.1,0.692,0.192
3,1975,0,744,0.4,1.4,0.799,0.186
4,1975,0,720,0.5,1.4,0.865,0.177
5,1975,0,744,0.5,1.8,0.945,0.218
6,1975,0,720,0.5,1.6,0.961,0.208
7,1975,0,744,0.5,1.5,0.878,0.213
8,1975,0,744,0.5,1.3,0.829,0.169
9,1975,0,720,0.4,1.3,0.779,0.179
10,1975,0,744,0.4,1.2,0.79,0.167
11,1975,0,720,0.3,1.2,0.733,0.183
12,1975,0,744,0.2,1.3,0.776,0.223
1,1976,0,744,0.2,1.7,0.763,0.244
2,1976,0,696,0.4,1.2,0.794,0.176
3,1976,0,744,0.4,1.1,0.772,0.162
4,1976,0,720,0.4,1.5,0.834,0.179
5,1976,0,744,0.4,1.4,0.847,0.192
6,1976,0,720,0.4,1.2,0.775,0.187
7,1976,0,744,0.2,1.2,0.756,0.201
8,1976,0,744,0.2,1.6,0.749,0.203
9,1976,0,720,0.3,1.2,0.644,0.175
10,1976,0,744,0.3,1,0.627,0.16
11,1976,0,720,0.2,1.2,0.618,0.206
12,1976,0,744,0.3,1.2,0.648,0.191
1,1977,0,744,0.3,1.2,0.638,0.193
2,1977,0,672,0.2,1.1,0.672,0.168
3,1977,0,744,0.2,1.1,0.664,0.162
4,1977,0,720,0.4,1,0.718,0.147
5,1977,0,744,0.4,1.4,0.782,0.204
6,1977,0,720,0.4,1.4,0.827,0.205
7,1977,0,744,0.4,1.3,0.732,0.182
8,1977,0,744,0.2,1.4,0.692,0.208
9,1977,0,720,0.2,1,0.594,0.171
10,1977,0,744,0.1,1.1,0.619,0.181
11,1977,0,720,0.1,1.1,0.584,0.186
12,1977,0,744,0.2,1.2,0.664,0.198
1,1978,0,744,0.3,1.2,0.684,0.19
2,1978,0,672,0.1,1.1,0.632,0.189
3,1978,0,744,0.4,1.1,0.753,0.148
4,1978,0,720,0.4,1.8,0.817,0.196
5,1978,0,744,0.4,1.4,0.888,0.19
6,1978,0,720,0.4,1.4,0.849,0.197
7,1978,0,744,0.4,1.5,0.838,0.215
8,1978,0,744,0.4,1.4,0.751,0.171
9,1978,0,720,0.37,1.16,0.721,0.153
10,1978,0,744,0.26,1.17,0.624,0.156
11,1978,0,720,0.27,1.21,0.682,0.196
12,1978,0,744,0.16,1.23,0.709,0.217
1,1979,0,744,0.18,1.1,0.585,0.187
2,1979,0,672,0.16,1.03,0.614,0.182
3,1979,0,744,0.42,1.28,0.748,0.159
4,1979,0,720,0.42,1.37,0.767,0.172
5,1979,0,744,0.28,1.36,0.801,0.192
6,1979,0,720,0.42,1.32,0.807,0.181
7,1979,0,744,0.29,1.22,0.723,0.188
8,1979,0,744,0.29,1.23,0.673,0.171
9,1979,0,720,0.2,1.01,0.619,0.163
10,1979,0,744,0.32,0.9,0.61,0.139
11,1979,0,720,0.32,1.22,0.717,0.174
12,1979,0,744,0.24,1.13,0.636,0.19
1,1980,0,744,0.2,1.12,0.706,0.189
2,1980,0,696,0.06,1.07,0.601,0.192
3,1980,0,744,0.27,1.12,0.699,0.159
4,1980,0,720,0.4,1.45,0.818,0.184
5,1980,0,744,0.4,1.36,0.811,0.192
6,1980,0,720,0.27,1.46,0.782,0.236
7,1980,0,744,0.31,1.34,0.736,0.192
8,1980,0,744,0.3,1.17,0.694,0.169
9,1980,21,699,0.3,1.07,0.625,0.149
10,1980,4,740,0.21,0.91,0.554,0.157
11,1980,0,720,0.3,1.22,0.624,0.164
12,1980,0,744,0.24,1.13,0.655,0.181
1,1981,0,744,0.06,1.26,0.616,0.224
2,1981,0,672,-0.01,1.04,0.55,0.197
3,1981,0,744,0.37,1.2,0.688,0.165
4,1981,3,717,0.41,1.14,0.777,0.146
5,1981,1,743,0.23,1.48,0.812,0.209
6,1981,0,720,0.32,1.44,0.824,0.21
7,1981,0,744,0.35,1.61,0.867,0.209
8,1981,0,744,0.38,1.36,0.763,0.192
9,1981,0,720,0.28,1.25,0.725,0.174
10,1981,0,744,0.34,1.14,0.676,0.153
11,1981,0,720,0.16,1.39,0.707,0.21
12,1981,0,744,0.18,1.24,0.66,0.208
1,1982,0,744,0.15,1.13,0.638,0.204
2,1982,0,672,0.08,1.11,0.635,0.207
3,1982,0,744,0.05,1.16,0.682,0.198
4,1982,0,720,0.22,1.14,0.701,0.174
5,1982,0,744,0.36,1.31,0.752,0.186
6,1982,0,720,0.2,1.43,0.821,0.211
7,1982,0,744,0.39,1.38,0.734,0.196
8,1982,0,744,0.28,1.16,0.664,0.176
9,1982,0,720,0.18,1.35,0.614,0.211
10,1982,0,744,0.15,1.14,0.579,0.188
11,1982,0,720,0.11,1.12,0.617,0.202
12,1982,0,744,0.11,1.08,0.627,0.213
1,1983,0,744,0.01,1.17,0.58,0.226
2,1983,0,672,0.24,1.16,0.678,0.191
3,1983,0,744,0.06,1.06,0.628,0.183
4,1983,0,720,0.37,1.25,0.821,0.18
5,1983,0,744,0.38,1.32,0.806,0.191
6,1983,0,720,0.43,1.67,0.942,0.236
7,1983,0,744,0.3,1.61,0.809,0.221
8,1983,0,744,0.24,1.47,0.833,0.197
9,1983,0,720,0.32,1.44,0.741,0.211
10,1983,0,744,0.22,1.18,0.625,0.158
11,1983,0,720,0.16,1.37,0.62,0.186
12,1983,0,744,0.21,1.2,0.679,0.214
1,1984,0,744,0.12,1.25,0.673,0.227
2,1984,0,696,0.26,1.2,0.701,0.201
3,1984,0,744,0.24,1.16,0.729,0.184
4,1984,0,720,0.48,1.4,0.879,0.192
5,1984,0,744,0.5,1.62,1.002,0.222
6,1984,0,720,0.36,1.4,0.919,0.21
7,1984,0,744,0.27,1.48,0.802,0.24
8,1984,0,744,0.33,1.22,0.751,0.181
9,1984,0,720,0.28,1.24,0.702,0.187
10,1984,0,744,0.28,1.27,0.733,0.182
11,1984,0,720,0.07,1.23,0.669,0.224
12,1984,0,744,0.13,1.18,0.637,0.212
1,1985,0,744,0.12,1.1,0.581,0.204
2,1985,0,672,0.25,1.3,0.847,0.214
3,1985,0,744,0.26,1.12,0.737,0.187
4,1985,0,720,0.3,1.48,0.873,0.205
5,1985,0,744,0.26,1.34,0.82,0.206
6,1985,0,720,0.38,1.57,0.891,0.219
7,1985,0,744,0.3,1.48,0.792,0.227
8,1985,0,744,0.26,1.44,0.743,0.213
9,1985,0,720,0.26,1.06,0.667,0.157
10,1985,0,744,0.12,1.11,0.598,0.189
11,1985,0,720,0.04,1.17,0.666,0.223
12,1985,0,744,0.2,1.22,0.631,0.219
1,1986,0,744,0.26,1.32,0.685,0.226
2,1986,0,672,0.19,1.33,0.713,0.22
3,1986,0,744,0.14,1.32,0.762,0.207
4,1986,0,720,0.31,1.16,0.713,0.187
5,1986,0,744,0.28,1.56,0.821,0.21
6,1986,0,720,0.36,1.48,0.818,0.234
7,1986,0,744,0.26,1.54,0.759,0.238
8,1986,0,744,0.24,1.26,0.685,0.199
9,1986,0,720,0.26,1.14,0.63,0.176
10,1986,0,744,0.2,1.19,0.599,0.186
11,1986,0,720,0.17,1.13,0.604,0.195
12,1986,0,744,-0.05,1.07,0.54,0.234
1,1987,0,744,-0.1,1.08,0.578,0.225
2,1987,0,672,0.01,1.01,0.522,0.211
3,1987,0,744,0.23,1.15,0.693,0.196
4,1987,0,720,0.25,1.25,0.738,0.215
5,1987,0,744,0.22,1.2,0.678,0.204
6,1987,0,720,0.25,1.3,0.841,0.226
7,1987,0,744,0.28,1.46,0.773,0.215
8,1987,0,744,0.26,1.2,0.675,0.193
9,1987,0,720,0.12,1.06,0.605,0.2
10,1987,0,744,0.11,0.97,0.564,0.19
11,1987,0,720,0.01,1,0.582,0.212
12,1987,0,744,0.2,1.18,0.614,0.217
1,1988,0,744,0.08,1.11,0.585,0.222
2,1988,0,696,0.23,1.16,0.702,0.194
3,1988,0,744,0.21,1.2,0.737,0.202
4,1988,0,720,0.35,1.32,0.795,0.19
5,1988,0,744,0.41,1.65,0.901,0.235
6,1988,0,720,0.34,1.68,0.924,0.236
7,1988,0,744,0.3,1.43,0.826,0.227
8,1988,0,744,0.32,1.54,0.809,0.217
9,1988,0,720,0.45,1.7,0.846,0.194
10,1988,0,744,0.38,1.26,0.781,0.192
11,1988,0,720,0.16,1.3,0.697,0.219
12,1988,0,744,0.23,1.22,0.72,0.22
1,1989,0,744,0.22,1.3,0.762,0.233
2,1989,0,672,0.34,1.38,0.829,0.236
3,1989,0,744,0.27,1.26,0.802,0.205
4,1989,0,720,0.44,1.5,0.907,0.213
5,1989,0,744,0.46,1.51,0.914,0.212
6,1989,0,720,0.38,1.32,0.849,0.219
7,1989,0,744,0.3,1.45,0.827,0.22
8,1989,27,717,0.39,1.25,0.758,0.182
9,1989,28,692,0.26,1.16,0.709,0.171
10,1989,0,744,0.28,1.26,0.687,0.182
11,1989,0,720,0.16,1.23,0.685,0.218
12,1989,0,744,0.14,1.26,0.632,0.231
1,1990,92,652,0.16,1.26,0.659,0.238
2,1990,0,672,0.32,1.18,0.762,0.195
3,1990,0,744,0.34,1.51,0.737,0.216
4,1990,0,720,0.32,1.37,0.753,0.234
5,1990,0,744,0.35,1.58,0.776,0.206
6,1990,0,720,0.18,1.42,0.764,0.22
7,1990,0,744,0.25,1.57,0.755,0.249
8,1990,29,715,0.22,1.34,0.659,0.221
9,1990,0,720,0.14,1.26,0.665,0.198
10,1990,0,744,0.18,1.18,0.609,0.189
11,1990,0,720,0.2,1.22,0.611,0.203
12,1990,64,680,0.12,1.23,0.635,0.231
1,1991,0,744,0.03,1.24,0.606,0.229
2,1991,0,672,0.1,1.15,0.572,0.199
3,1991,0,744,0.24,1.18,0.714,0.175
4,1991,0,720,0.41,1.57,0.837,0.205
5,1991,0,744,0.42,1.4,0.823,0.222
6,1991,0,720,0.5,1.5,0.894,0.221
7,1991,0,744,0.36,1.35,0.86,0.202
8,1991,0,744,0.26,1.51,0.699,0.211
9,1991,0,720,0.26,1.15,0.64,0.176
10,1991,0,744,0.21,1.08,0.617,0.18
11,1991,0,720,0.2,1.11,0.593,0.185
12,1991,0,744,0.2,1.17,0.615,0.209
1,1992,0,744,0.16,1.23,0.604,0.214
2,1992,0,696,0.26,1.15,0.655,0.187
3,1992,0,744,0.2,1.08,0.675,0.179
4,1992,0,720,0.4,1.28,0.766,0.169
5,1992,0,744,0.29,1.32,0.793,0.203
6,1992,0,720,0.39,1.56,0.9,0.248
7,1992,0,744,0.39,1.42,0.772,0.196
8,1992,40,704,0.38,1.36,0.753,0.205
9,1992,8,712,0.18,1.06,0.607,0.169
10,1992,0,744,0.26,1.09,0.599,0.175
11,1992,0,720,0.16,1.17,0.662,0.208
12,1992,0,744,0.16,1.29,0.602,0.213
1,1993,0,744,0.08,1.1,0.613,0.207
2,1993,0,672,-0.04,1.05,0.53,0.205
3,1993,0,744,0.25,0.98,0.625,0.153
4,1993,0,720,0.28,1.11,0.672,0.163
5,1993,0,744,0.32,1.24,0.732,0.184
6,1993,0,720,0.34,1.2,0.775,0.2
7,1993,0,744,0.14,1.28,0.739,0.23
8,1993,0,744,0.3,1.13,0.656,0.182
9,1993,0,720,0.3,1.2,0.662,0.16
10,1993,0,744,0.2,0.96,0.56,0.164
11,1993,0,720,0.18,1.1,0.603,0.192
12,1993,0,744,-0.02,1.2,0.597,0.221
1,1994,0,744,0.17,1.19,0.623,0.202
2,1994,0,672,0.22,1.05,0.64,0.184
3,1994,0,744,0.29,1.18,0.75,0.171
4,1994,0,720,0.28,1.27,0.777,0.188
5,1994,0,744,0.37,1.47,0.807,0.21
6,1994,0,720,0.36,1.38,0.799,0.207
7,1994,0,744,0.37,1.3,0.747,0.182
8,1994,0,744,0.17,1.32,0.691,0.19
9,1994,0,720,0.26,0.99,0.576,0.142
10,1994,0,744,0.13,1.06,0.565,0.165
11,1994,0,720,0.12,1.1,0.609,0.186
12,1994,0,744,0.17,1.15,0.637,0.207
1,1995,0,744,0.22,1.19,0.61,0.197
2,1995,0,672,0.21,1.15,0.645,0.201
3,1995,0,744,0.29,1.09,0.707,0.166
4,1995,0,720,0.34,1.16,0.785,0.178
5,1995,0,744,0.36,1.45,0.815,0.225
6,1995,0,720,0.25,1.43,0.833,0.258
7,1995,0,744,0.49,1.74,0.852,0.207
8,1995,0,744,0.44,1.4,0.761,0.182
9,1995,0,720,0.41,1.2,0.706,0.149
10,1995,0,744,0.32,1.19,0.717,0.19
11,1995,0,720,0.33,1.34,0.751,0.186
12,1995,0,744,0.25,1.35,0.758,0.232
1,1996,0,744,0.201,1.226,0.723,0.201
2,1996,0,696,0.389,1.275,0.847,0.177
3,1996,0,744,0.186,1.199,0.733,0.183
4,1996,0,720,0.471,1.401,0.828,0.17
5,1996,0,744,0.502,1.508,0.868,0.186
6,1996,0,720,0.449,1.59,1.002,0.212
7,1996,0,744,0.543,1.644,0.977,0.22
8,1996,0,744,0.453,1.246,0.814,0.156
9,1996,0,720,0.518,1.393,0.844,0.169
10,1996,0,744,0.352,1.243,0.739,0.175
11,1996,0,720,0.4,1.295,0.774,0.185
12,1996,0,744,0.283,1.232,0.718,0.208
1,1997,0,744,0.339,1.356,0.804,0.197
2,1997,0,672,0.278,1.207,0.778,0.177
3,1997,0,744,0.226,1.071,0.65,0.173
4,1997,0,720,0.361,1.189,0.796,0.158
5,1997,0,744,0.337,1.379,0.825,0.202
6,1997,0,720,0.48,1.455,0.835,0.195
7,1997,0,744,0.295,1.392,0.74,0.225
8,1997,0,744,0.229,1.252,0.666,0.203
9,1997,0,720,0.207,1.147,0.637,0.155
10,1997,0,744,0.087,1.22,0.551,0.195
11,1997,0,720,0.004,0.998,0.58,0.191
12,1997,0,744,0.205,1.133,0.583,0.2
1,1998,0,744,0.094,0.973,0.507,0.187
2,1998,0,672,-0.008,0.955,0.543,0.184
3,1998,0,744,0.319,1.184,0.71,0.157
4,1998,0,720,0.354,1.159,0.796,0.155
5,1998,0,744,0.438,1.511,0.913,0.183
6,1998,0,720,0.448,1.67,0.926,0.223
7,1998,0,744,0.32,1.366,0.822,0.214
8,1998,0,744,0.418,1.48,0.807,0.175
9,1998,0,720,0.26,1.594,0.764,0.206
10,1998,0,744,0.264,1.147,0.704,0.168
11,1998,0,720,0.264,1.315,0.719,0.184
12,1998,0,744,0.124,1.245,0.7,0.222
1,1999,0,744,0.247,1.256,0.732,0.213
2,1999,0,672,0.357,1.236,0.791,0.194
3,1999,0,744,0.4,1.332,0.89,0.173
4,1999,0,720,0.696,1.392,1.027,0.154
5,1999,0,744,0.577,1.62,1.07,0.2
6,1999,0,720,0.478,1.495,0.986,0.196
7,1999,0,744,0.523,1.526,0.935,0.204
8,1999,0,744,0.375,1.324,0.842,0.191
9,1999,0,720,0.362,1.334,0.789,0.167
10,1999,0,744,0.373,1.483,0.775,0.194
11,1999,0,720,0.352,1.376,0.797,0.196
12,1999,0,744,0.36,1.472,0.871,0.215
1,2000,0,744,0.245,1.34,0.896,0.203
2,2000,0,696,0.439,1.372,0.857,0.201
3,2000,0,744,0.354,1.294,0.875,0.183
4,2000,0,720,0.632,1.572,1.016,0.184
5,2000,0,744,0.642,1.501,0.967,0.185
6,2000,0,720,0.517,1.561,0.966,0.214
7,2000,0,744,0.42,1.573,0.933,0.236
8,2000,0,744,0.431,1.376,0.827,0.199
9,2000,0,720,0.415,1.377,0.762,0.155
10,2000,0,744,0.409,1.257,0.723,0.157
11,2000,0,720,0.361,1.271,0.77,0.187
12,2000,0,744,0.16,1.323,0.635,0.219
1,2001,0,744,0.297,1.306,0.783,0.211
2,2001,0,672,0.333,1.375,0.78,0.198
3,2001,0,744,0.337,1.297,0.784,0.187
4,2001,0,720,0.495,1.282,0.864,0.171
5,2001,0,744,0.516,1.446,0.951,0.188
6,2001,0,720,0.387,1.428,0.904,0.198
7,2001,0,744,0.378,1.381,0.843,0.206
8,2001,0,744,0.131,1.26,0.716,0.194
9,2001,0,720,0.314,1.195,0.737,0.166
10,2001,0,744,0.329,1.255,0.636,0.163
11,2001,0,720,0.271,1.237,0.678,0.202
12,2001,0,744,0.136,1.255,0.676,0.219
1,2002,0,744,0.163,1.241,0.677,0.217
2,2002,0,672,0.151,1.172,0.654,0.213
3,2002,0,744,0.231,1.167,0.755,0.176
4,2002,0,720,0.252,1.334,0.765,0.19
5,2002,0,744,0.32,1.406,0.869,0.227
6,2002,0,720,0.391,1.469,0.854,0.223
7,2002,0,744,0.379,1.491,0.843,0.206
8,2002,0,744,0.207,1.337,0.717,0.207
9,2002,0,720,0.181,1.255,0.612,0.192
10,2002,0,744,0.138,1.203,0.629,0.195
11,2002,0,720,0.155,1.133,0.555,0.181
12,2002,0,744,0.002,1.132,0.645,0.233
1,2003,0,744,0.109,1.171,0.652,0.229
2,2003,0,672,0.085,1.316,0.738,0.231
3,2003,0,744,0.301,1.221,0.766,0.19
4,2003,0,720,0.431,1.436,0.813,0.182
5,2003,0,744,0.367,1.947,0.924,0.231
6,2003,0,720,0.186,1.634,0.879,0.287
7,2003,0,744,0.333,1.398,0.767,0.217
8,2003,0,744,0.248,1.471,0.736,0.208
9,2003,0,720,0.38,1.365,0.732,0.186
10,2003,0,744,0.118,1.163,0.598,0.194
11,2003,0,720,0.131,1.259,0.647,0.23
12,2003,0,744,0.106,1.149,0.645,0.212
1,2004,0,744,0.01,1.167,0.675,0.228
2,2004,0,696,0.232,1.269,0.738,0.199
3,2004,0,744,0.176,1.129,0.682,0.214
4,2004,0,720,0.372,1.205,0.819,0.176
5,2004,0,744,0.465,1.689,0.879,0.226
6,2004,0,720,0.417,1.544,0.896,0.228
7,2004,0,744,0.316,1.654,0.82,0.252
8,2004,0,744,0.253,1.455,0.692,0.232
9,2004,0,720,0.179,1.217,0.644,0.188
10,2004,0,744,0.252,1.128,0.652,0.192
11,2004,0,720,0.213,1.337,0.721,0.226
12,2004,0,744,0.158,1.333,0.699,0.23
1,2005,0,744,0.022,1.102,0.583,0.224
2,2005,0,672,0.069,1.116,0.679,0.21
3,2005,0,744,0.432,1.228,0.802,0.181
4,2005,0,720,0.237,1.185,0.774,0.193
5,2005,0,744,0.402,1.389,0.931,0.2
6,2005,0,720,0.289,1.691,0.931,0.245
7,2005,0,744,0.393,1.37,0.811,0.204
8,2005,0,744,0.266,1.371,0.77,0.198
9,2005,0,720,0.282,1.262,0.773,0.198
10,2005,0,744,0.19,1.2,0.698,0.195
11,2005,0,720,0.211,1.234,0.655,0.201
12,2005,0,744,0.046,1.252,0.713,0.224
1,2006,0,744,0.011,1.203,0.652,0.254
2,2006,0,672,0.18,1.26,0.721,0.233
3,2006,0,744,0.314,1.249,0.826,0.192
4,2006,0,720,0.323,1.263,0.827,0.212
5,2006,0,744,0.426,1.463,0.856,0.209
6,2006,0,720,0.455,1.527,0.876,0.207
7,2006,0,744,0.172,1.407,0.763,0.214
8,2006,0,744,0.223,1.543,0.818,0.21
9,2006,0,720,0.069,1.179,0.686,0.208
10,2006,0,744,0.27,1.101,0.64,0.182
11,2006,0,720,0.233,1.268,0.707,0.211
12,2006,0,744,0.065,1.232,0.66,0.236
1,2007,0,744,0.03,1.299,0.655,0.241
2,2007,0,672,0.239,1.301,0.697,0.218
3,2007,0,744,0.224,1.232,0.759,0.203
4,2007,0,720,0.339,1.279,0.847,0.202
5,2007,0,744,0.327,1.318,0.794,0.211
6,2007,0,720,0.358,1.542,0.903,0.235
7,2007,0,744,0.316,1.628,0.903,0.25
8,2007,0,744,0.486,1.502,0.824,0.204
9,2007,0,720,0.37,1.29,0.753,0.179
10,2007,0,744,0.27,1.307,0.686,0.208
11,2007,0,720,0.338,1.301,0.74,0.212
12,2007,0,744,0.139,1.337,0.766,0.236
1,2008,0,744,0.25,1.352,0.761,0.232
2,2008,0,696,0.252,1.376,0.868,0.234
3,2008,0,744,0.49,1.359,0.94,0.188
4,2008,0,720,0.504,1.484,0.986,0.196
5,2008,0,744,0.539,1.513,0.952,0.203
6,2008,0,720,0.388,1.592,0.953,0.244
7,2008,0,744,0.427,1.706,0.934,0.237
8,2008,0,744,0.475,1.287,0.805,0.174
9,2008,0,720,0.297,1.25,0.803,0.175
10,2008,0,744,0.237,1.242,0.755,0.214
11,2008,0,720,0.056,1.285,0.765,0.246
12,2008,0,744,0.216,1.307,0.773,0.233
1,2009,0,744,0.29,1.327,0.803,0.209
2,2009,0,672,0.152,1.293,0.837,0.216
3,2009,0,744,0.324,1.325,0.847,0.2
4,2009,0,720,0.211,1.321,0.831,0.209
5,2009,0,744,0.429,1.652,0.963,0.219
6,2009,0,720,0.429,1.666,0.969,0.232
7,2009,0,744,0.331,1.561,0.784,0.23
8,2009,0,744,0.363,1.377,0.833,0.206
9,2009,0,720,0.316,1.368,0.768,0.183
10,2009,0,744,0.266,1.073,0.672,0.183
11,2009,0,720,0.183,1.442,0.713,0.233
12,2009,0,744,0.119,1.42,0.662,0.239
1,2010,0,744,0.148,1.175,0.678,0.228
2,2010,0,672,0.18,1.206,0.679,0.207
3,2010,0,744,0.216,1.182,0.73,0.185
4,2010,0,720,0.463,1.365,0.815,0.189
5,2010,0,744,0.425,1.44,0.881,0.215
6,2010,0,720,0.39,1.43,0.852,0.205
7,2010,0,744,0.451,1.609,0.856,0.202
8,2010,0,744,0.341,1.373,0.829,0.196
9,2010,0,720,0.356,1.205,0.749,0.166
10,2010,0,744,0.382,1.334,0.759,0.194
11,2010,0,720,0.362,1.427,0.855,0.207
12,2010,0,744,0.322,1.496,0.882,0.227
1,2011,0,744,0.309,1.707,0.976,0.25
2,2011,0,672,0.479,1.563,1.05,0.213
3,2011,0,744,0.484,1.338,0.927,0.168
4,2011,0,720,0.557,1.485,1.047,0.181
5,2011,0,744,0.588,1.759,1.02,0.215
6,2011,0,720,0.519,1.605,0.966,0.209
7,2011,0,744,0.447,1.622,0.903,0.23
8,2011,0,744,0.445,1.442,0.865,0.18
9,2011,0,720,0.271,1.426,0.81,0.211
10,2011,0,744,0.397,1.37,0.808,0.178
11,2011,0,720,0.418,1.406,0.86,0.218
12,2011,0,744,0.3,1.375,0.88,0.206
1,2012,0,744,0.364,1.492,0.97,0.225
2,2012,0,696,0.435,1.557,0.958,0.209
3,2012,0,744,0.621,1.496,0.991,0.185
4,2012,0,720,0.606,1.379,1.006,0.171
5,2012,0,744,0.52,1.605,1.002,0.189
6,2012,0,720,0.454,1.938,1.02,0.256
7,2012,0,744,0.416,1.427,0.843,0.204
8,2012,0,744,0.412,1.298,0.798,0.163
9,2012,0,720,0.413,1.354,0.794,0.185
10,2012,0,744,0.378,1.278,0.75,0.18
11,2012,0,720,0.21,1.788,0.788,0.239
12,2012,0,744,0.364,1.371,0.823,0.21
